Date,Year,MW,MW_pred,Holiday,Temp_avg,Temp_max,Temp_min,hPa,Hum,Visibility,Wind_avg,Wind_max,Rain,Storm,Fog,Day,Month,Day_Friday,Day_Monday,Day_Saturday,Day_Sunday,Day_Thursday,Day_Tuesday,Day_Wednesday,Month_April,Month_August,Month_December,Month_February,Month_January,Month_July,Month_June,Month_March,Month_May,Month_November,Month_October,Month_September
2020-01-01,2020,1256.0,1346.2636363636364,1,22.8,27.9,19.5,1012.8,76.0,10.8,18.3,31.7,0,0,0,Wednesday,January,0,0,0,0,0,0,1,0,0,0,0,1,0,0,0,0,0,0,0
2020-01-02,2020,1576.0,1718.9071441491233,0,22.1,25.8,18.8,1017.6,74.0,9.3,21.1,33.5,1,0,0,Thursday,January,0,0,0,0,1,0,0,0,0,0,0,1,0,0,0,0,0,0,0
2020-01-03,2020,1730.0,1787.4751515151515,0,23.1,26.0,19.7,1020.1,74.0,10.0,23.7,35.2,0,0,0,Friday,January,1,0,0,0,0,0,0,0,0,0,0,1,0,0,0,0,0,0,0
2020-01-04,2020,1700.0,1727.3927272727274,0,24.2,27.0,21.3,1015.1,63.0,10.0,16.9,27.8,0,0,0,Saturday,January,0,0,1,0,0,0,0,0,0,0,0,1,0,0,0,0,0,0,0
2020-01-05,2020,1521.0,1606.918181818182,0,25.2,28.0,22.0,1006.0,61.0,10.0,12.0,24.1,0,0,0,Sunday,January,0,0,0,1,0,0,0,0,0,0,0,1,0,0,0,0,0,0,0
2020-01-06,2020,1587.0,1697.699935064935,0,23.6,28.6,18.8,1003.2,50.0,10.0,16.7,29.4,1,0,0,Monday,January,0,1,0,0,0,0,0,0,0,0,0,1,0,0,0,0,0,0,0
2020-01-07,2020,1657.0,1720.8852762090376,0,23.8,30.0,17.8,1008.4,41.0,10.0,12.6,24.1,0,0,0,Tuesday,January,0,0,0,0,0,1,0,0,0,0,0,1,0,0,0,0,0,0,0
2020-01-08,2020,1820.0,1820.8025252525254,0,25.3,30.5,20.3,1007.3,51.0,10.0,16.1,20.6,0,0,0,Wednesday,January,0,0,0,0,0,0,1,0,0,0,0,1,0,0,0,0,0,0,0
2020-01-09,2020,1801.0,1897.5833333333333,0,26.3,30.4,22.8,1006.8,61.0,10.0,15.7,29.4,0,0,0,Thursday,January,0,0,0,0,1,0,0,0,0,0,0,1,0,0,0,0,0,0,0
2020-01-10,2020,1825.0,1869.2795454545455,0,24.9,29.5,22.0,1010.1,71.0,10.0,17.0,24.1,0,0,0,Friday,January,1,0,0,0,0,0,0,0,0,0,0,1,0,0,0,0,0,0,0
2020-01-11,2020,1725.0,1695.705,0,25.1,29.0,18.6,1011.5,64.0,10.0,9.3,14.8,0,0,0,Saturday,January,0,0,1,0,0,0,0,0,0,0,0,1,0,0,0,0,0,0,0
2020-01-12,2020,1566.0,1532.5,0,25.6,29.6,21.3,1015.0,61.0,10.0,20.0,42.4,1,0,0,Sunday,January,0,0,0,1,0,0,0,0,0,0,0,1,0,0,0,0,0,0,0
2020-01-13,2020,1719.0,1810.081818181818,0,23.8,27.9,20.3,1016.5,55.0,10.0,29.3,42.4,0,0,0,Monday,January,0,1,0,0,0,0,0,0,0,0,0,1,0,0,0,0,0,0,0
2020-01-14,2020,1823.0,1776.975,0,24.6,28.1,21.0,1008.7,77.0,9.5,16.1,29.4,1,1,0,Tuesday,January,0,0,0,0,0,1,0,0,0,0,0,1,0,0,0,0,0,0,0
2020-01-15,2020,1756.0,1778.437373737374,0,25.2,28.3,20.6,1004.6,79.0,8.9,7.4,27.8,1,1,0,Wednesday,January,0,0,0,0,0,0,1,0,0,0,0,1,0,0,0,0,0,0,0
2020-01-16,2020,1657.0,1650.8177679736366,0,20.4,27.8,15.0,1017.6,37.0,10.0,14.8,27.8,0,0,0,Thursday,January,0,0,0,0,1,0,0,0,0,0,0,1,0,0,0,0,0,0,0
2020-01-17,2020,1694.0,1700.9881173812055,0,21.6,26.0,18.0,1021.3,55.0,10.0,12.6,24.1,0,0,0,Friday,January,1,0,0,0,0,0,0,0,0,0,0,1,0,0,0,0,0,0,0
2020-01-18,2020,1688.0,1708.1818181818182,0,24.2,28.1,20.8,1017.3,55.0,10.0,14.6,24.1,1,0,0,Saturday,January,0,0,1,0,0,0,0,0,0,0,0,1,0,0,0,0,0,0,0
2020-01-19,2020,1713.0,1686.2,0,26.3,31.0,22.8,1012.9,68.0,10.0,11.7,18.3,0,0,0,Sunday,January,0,0,0,1,0,0,0,0,0,0,0,1,0,0,0,0,0,0,0
2020-01-20,2020,2063.0,1953.8636363636363,0,27.4,31.0,24.7,1009.9,76.0,10.0,11.9,20.6,0,0,0,Monday,January,0,1,0,0,0,0,0,0,0,0,0,1,0,0,0,0,0,0,0
2020-01-21,2020,1906.0,1813.709090909091,0,25.9,30.5,19.7,1009.6,79.0,9.7,10.7,25.9,1,1,0,Tuesday,January,0,0,0,0,0,1,0,0,0,0,0,1,0,0,0,0,0,0,0
2020-01-22,2020,1955.0,1873.3,0,25.4,28.1,21.8,1013.2,80.0,10.0,20.7,29.4,0,0,0,Wednesday,January,0,0,0,0,0,0,1,0,0,0,0,1,0,0,0,0,0,0,0
2020-01-23,2020,2012.0,1920.564393939394,0,25.6,28.7,22.2,1015.1,73.0,10.0,16.5,31.7,0,0,0,Thursday,January,0,0,0,0,1,0,0,0,0,0,0,1,0,0,0,0,0,0,0
2020-01-24,2020,2019.0,1944.9227272727273,0,26.9,31.0,22.2,1011.8,67.0,10.0,17.8,27.8,0,0,0,Friday,January,1,0,0,0,0,0,0,0,0,0,0,1,0,0,0,0,0,0,0
2020-01-25,2020,1909.0,1928.1545454545455,0,28.9,35.2,23.3,1006.7,58.0,9.8,12.4,27.8,1,1,0,Saturday,January,0,0,1,0,0,0,0,0,0,0,0,1,0,0,0,0,0,0,0
2020-01-26,2020,1657.0,1764.9545454545455,0,28.2,35.5,24.0,1006.9,49.0,10.0,11.5,25.9,0,0,0,Sunday,January,0,0,0,1,0,0,0,0,0,0,0,1,0,0,0,0,0,0,0
2020-01-27,2020,1648.0,1685.1087288469105,0,21.4,33.4,15.7,1014.9,53.0,9.7,19.4,25.9,0,0,0,Monday,January,0,1,0,0,0,0,0,0,0,0,0,1,0,0,0,0,0,0,0
2020-01-28,2020,1720.0,1732.7144539952244,0,22.2,28.0,17.6,1012.8,59.0,10.0,16.9,22.2,0,0,0,Tuesday,January,0,0,0,0,0,1,0,0,0,0,0,1,0,0,0,0,0,0,0
2020-01-29,2020,1676.0,1798.0192046515574,0,24.6,28.3,19.7,1008.6,64.0,9.5,12.6,24.1,1,0,0,Wednesday,January,0,0,0,0,0,0,1,0,0,0,0,1,0,0,0,0,0,0,0
2020-01-30,2020,1628.0,1668.249696919442,0,19.5,27.0,15.0,1014.5,50.0,10.0,16.5,29.4,0,0,0,Thursday,January,0,0,0,0,1,0,0,0,0,0,0,1,0,0,0,0,0,0,0
2020-01-31,2020,1713.0,1702.4449322141586,0,21.8,26.0,16.6,1014.7,51.0,10.0,11.9,16.5,0,0,0,Friday,January,1,0,0,0,0,0,0,0,0,0,0,1,0,0,0,0,0,0,0
2020-02-01,2020,1723.0,1746.9977272727272,0,24.4,28.1,18.2,1013.0,59.0,10.0,11.7,18.3,0,0,0,Saturday,February,0,0,1,0,0,0,0,0,0,0,1,0,0,0,0,0,0,0,0
2020-02-02,2020,1662.0,1695.9545454545455,0,27.0,31.5,21.1,1012.8,64.0,10.0,9.1,13.0,0,0,0,Sunday,February,0,0,0,1,0,0,0,0,0,0,1,0,0,0,0,0,0,0,0
2020-02-03,2020,2048.0,2065.4636363636364,0,27.9,32.0,24.8,1014.1,69.0,10.0,15.7,29.4,0,0,0,Monday,February,0,1,0,0,0,0,0,0,0,0,1,0,0,0,0,0,0,0,0
2020-02-04,2020,2016.0,2123.890909090909,0,27.7,32.2,22.8,1011.5,70.0,10.0,19.4,31.7,0,0,0,Tuesday,February,0,0,0,0,0,1,0,0,0,0,1,0,0,0,0,0,0,0,0
2020-02-05,2020,1886.0,2141.7090909090907,0,28.0,32.5,25.3,1009.8,73.0,9.3,17.4,31.7,1,0,0,Wednesday,February,0,0,0,0,0,0,1,0,0,0,1,0,0,0,0,0,0,0,0
2020-02-06,2020,1950.0,2073.3818181818183,0,28.5,33.5,22.4,1010.3,74.0,9.7,14.8,33.5,1,1,0,Thursday,February,0,0,0,0,1,0,0,0,0,0,1,0,0,0,0,0,0,0,0
2020-02-07,2020,1874.0,2022.3636363636363,0,27.6,34.0,23.0,1012.7,80.0,9.2,15.0,40.7,1,1,0,Friday,February,1,0,0,0,0,0,0,0,0,0,1,0,0,0,0,0,0,0,0
2020-02-08,2020,1657.0,1728.8636363636363,0,23.8,30.0,20.4,1015.2,76.0,9.2,17.2,31.3,1,0,0,Saturday,February,0,0,1,0,0,0,0,0,0,0,1,0,0,0,0,0,0,0,0
2020-02-09,2020,1419.0,1485.6121212121213,0,20.5,26.0,16.3,1019.7,59.0,10.0,17.2,31.7,0,0,0,Sunday,February,0,0,0,1,0,0,0,0,0,0,1,0,0,0,0,0,0,0,0
2020-02-10,2020,1616.0,1597.1632679063362,0,19.7,25.1,14.8,1022.2,61.0,10.0,14.1,24.1,0,0,0,Monday,February,0,1,0,0,0,0,0,0,0,0,1,0,0,0,0,0,0,0,0
2020-02-11,2020,1725.0,1745.459603811228,0,22.2,25.0,19.1,1021.4,64.0,10.0,19.4,25.9,0,0,0,Tuesday,February,0,0,0,0,0,1,0,0,0,0,1,0,0,0,0,0,0,0,0
2020-02-12,2020,1832.0,1840.7844355818957,0,23.2,26.1,20.6,1017.4,69.0,10.0,23.2,37.0,0,0,0,Wednesday,February,0,0,0,0,0,0,1,0,0,0,1,0,0,0,0,0,0,0,0
2020-02-13,2020,1854.0,1919.816577540107,0,24.9,28.6,20.6,1012.1,71.0,10.0,19.3,37.0,0,0,0,Thursday,February,0,0,0,0,1,0,0,0,0,0,1,0,0,0,0,0,0,0,0
2020-02-14,2020,1835.0,1933.8665775401068,0,25.8,30.0,19.8,1008.9,61.0,10.0,9.6,24.1,0,0,0,Friday,February,1,0,0,0,0,0,0,0,0,0,1,0,0,0,0,0,0,0,0
2020-02-15,2020,1785.0,1792.5454545454545,0,25.8,30.5,20.9,1008.9,61.0,10.0,7.4,14.8,0,0,0,Saturday,February,0,0,1,0,0,0,0,0,0,0,1,0,0,0,0,0,0,0,0
2020-02-16,2020,1742.0,1760.0363636363636,0,27.7,31.1,22.8,1006.6,75.0,10.0,9.8,16.5,0,0,0,Sunday,February,0,0,0,1,0,0,0,0,0,0,1,0,0,0,0,0,0,0,0
2020-02-17,2020,1816.0,1939.2636363636364,0,25.7,31.8,20.7,1004.4,76.0,9.0,16.1,37.0,1,1,0,Monday,February,0,1,0,0,0,0,0,0,0,0,1,0,0,0,0,0,0,0,0
2020-02-18,2020,1682.0,1726.9193888599893,0,22.3,28.7,17.8,1008.0,67.0,9.8,13.0,20.6,1,0,0,Tuesday,February,0,0,0,0,0,1,0,0,0,0,1,0,0,0,0,0,0,0,0
2020-02-19,2020,1707.0,1767.2432879998787,0,23.8,29.1,17.8,1010.7,56.0,9.7,9.4,24.1,0,0,0,Wednesday,February,0,0,0,0,0,0,1,0,0,0,1,0,0,0,0,0,0,0,0
2020-02-20,2020,1649.0,1672.5438120509525,0,20.6,29.1,15.6,1016.4,42.0,10.0,14.8,31.7,0,0,0,Thursday,February,0,0,0,0,1,0,0,0,0,0,1,0,0,0,0,0,0,0,0
2020-02-21,2020,1654.0,1637.0798150903106,0,18.3,23.6,13.5,1022.6,48.0,10.0,12.2,20.6,0,0,0,Friday,February,1,0,0,0,0,0,0,0,0,0,1,0,0,0,0,0,0,0,0
2020-02-22,2020,1543.0,1727.4901515151516,0,16.8,23.0,12.3,1024.7,58.0,10.0,13.3,20.6,0,0,0,Saturday,February,0,0,1,0,0,0,0,0,0,0,1,0,0,0,0,0,0,0,0
2020-02-23,2020,1451.0,1438.922510822511,0,20.4,25.0,14.5,1019.0,70.0,10.0,11.7,16.5,0,0,0,Sunday,February,0,0,0,1,0,0,0,0,0,0,1,0,0,0,0,0,0,0,0
2020-02-24,2020,1450.0,1527.3272727272727,1,23.7,28.0,19.3,1009.6,62.0,10.0,17.6,24.1,0,0,0,Monday,February,0,1,0,0,0,0,0,0,0,0,1,0,0,0,0,0,0,0,0
2020-02-25,2020,1412.0,1557.4272727272728,1,22.6,27.8,19.0,1009.4,49.0,10.0,9.8,14.8,0,0,0,Tuesday,February,0,0,0,0,0,1,0,0,0,0,1,0,0,0,0,0,0,0,0
2020-02-26,2020,1581.0,1719.6716595739704,0,20.9,24.5,17.8,1014.0,66.0,10.0,13.1,22.2,0,0,0,Wednesday,February,0,0,0,0,0,0,1,0,0,0,1,0,0,0,0,0,0,0,0
2020-02-27,2020,1705.0,1775.8305321611326,0,22.7,27.0,17.9,1014.5,58.0,10.0,12.6,18.3,0,0,0,Thursday,February,0,0,0,0,1,0,0,0,0,0,1,0,0,0,0,0,0,0,0
2020-02-28,2020,1754.0,1844.7327391562685,0,24.9,28.2,19.2,1014.7,65.0,10.0,10.2,33.5,0,0,0,Friday,February,1,0,0,0,0,0,0,0,0,0,1,0,0,0,0,0,0,0,0
2020-02-29,2020,1724.0,1733.2727272727273,0,24.0,29.0,21.2,1018.7,76.0,10.0,14.4,25.9,0,0,0,Saturday,February,0,0,1,0,0,0,0,0,0,0,1,0,0,0,0,0,0,0,0
2020-03-01,2020,1659.0,1710.6,0,26.7,30.2,22.3,1019.1,69.0,10.0,8.9,14.8,0,0,0,Sunday,March,0,0,0,1,0,0,0,0,0,0,0,0,0,0,1,0,0,0,0
2020-03-02,2020,1981.0,2000.5636363636363,0,26.8,31.5,23.8,1019.3,65.0,10.0,13.1,22.2,0,0,0,Monday,March,0,1,0,0,0,0,0,0,0,0,0,0,0,0,1,0,0,0,0
2020-03-03,2020,2015.0,1986.2227272727273,0,25.8,30.6,22.8,1017.0,68.0,10.0,15.4,24.1,0,0,0,Tuesday,March,0,0,0,0,0,1,0,0,0,0,0,0,0,0,1,0,0,0,0
2020-03-04,2020,2015.0,1933.5136363636364,0,25.6,30.0,23.0,1016.6,68.0,10.0,13.5,25.9,0,0,0,Wednesday,March,0,0,0,0,0,0,1,0,0,0,0,0,0,0,1,0,0,0,0
2020-03-05,2020,1973.0,1884.589393939394,0,24.7,29.6,21.8,1018.3,70.0,10.0,17.2,33.5,0,0,0,Thursday,March,0,0,0,0,1,0,0,0,0,0,0,0,0,0,1,0,0,0,0
2020-03-06,2020,1944.0,1897.922520661157,0,24.5,27.6,22.3,1016.6,71.0,10.0,14.8,25.9,0,0,0,Friday,March,1,0,0,0,0,0,0,0,0,0,0,0,0,0,1,0,0,0,0
2020-03-07,2020,1825.0,1725.4696969696968,0,25.1,30.0,21.8,1011.3,72.0,10.0,14.3,24.1,0,0,0,Saturday,March,0,0,1,0,0,0,0,0,0,0,0,0,0,0,1,0,0,0,0
2020-03-08,2020,1650.0,1710.290909090909,0,26.3,31.0,22.0,1009.7,65.0,10.0,10.7,16.5,1,0,0,Sunday,March,0,0,0,1,0,0,0,0,0,0,0,0,0,0,1,0,0,0,0
2020-03-09,2020,1732.0,1754.6351239669423,0,24.3,31.0,21.0,1015.1,69.0,9.7,19.1,35.2,1,1,0,Monday,March,0,1,0,0,0,0,0,0,0,0,0,0,0,0,1,0,0,0,0
2020-03-10,2020,1711.0,1774.6638483078161,0,22.0,25.2,20.0,1018.6,73.0,9.7,28.3,37.0,1,0,0,Tuesday,March,0,0,0,0,0,1,0,0,0,0,0,0,0,0,1,0,0,0,0
2020-03-11,2020,1689.0,1758.9963300724442,0,21.4,25.0,20.0,1014.0,88.0,7.4,23.2,35.2,1,1,0,Wednesday,March,0,0,0,0,0,0,1,0,0,0,0,0,0,0,1,0,0,0,0
2020-03-12,2020,1765.0,1756.9894420377218,0,22.7,26.0,19.4,1012.0,83.0,9.2,8.5,31.7,0,0,1,Thursday,March,0,0,0,0,1,0,0,0,0,0,0,0,0,0,1,0,0,0,0
2020-03-13,2020,1917.0,1865.2704545454546,0,24.6,27.2,22.1,1013.0,80.0,10.0,15.6,22.2,0,0,0,Friday,March,1,0,0,0,0,0,0,0,0,0,0,0,0,0,1,0,0,0,0
2020-03-14,2020,1656.0,1622.3181818181818,0,23.6,28.0,19.7,1011.8,87.0,8.4,12.2,35.2,1,1,0,Saturday,March,0,0,1,0,0,0,0,0,0,0,0,0,0,0,1,0,0,0,0
2020-03-15,2020,1440.0,1429.0924025974027,0,20.1,23.5,16.8,1018.5,74.0,9.8,11.1,16.5,1,0,0,Sunday,March,0,0,0,1,0,0,0,0,0,0,0,0,0,0,1,0,0,0,0
2020-03-16,2020,1644.0,1667.6941859781632,0,20.2,22.6,17.3,1017.8,68.0,10.0,15.9,20.6,0,0,0,Monday,March,0,1,0,0,0,0,0,0,0,0,0,0,0,0,1,0,0,0,0
2020-03-17,2020,1702.0,1715.9026254062446,0,20.7,27.0,17.0,1014.6,83.0,9.7,15.7,24.1,1,0,0,Tuesday,March,0,0,0,0,0,1,0,0,0,0,0,0,0,0,1,0,0,0,0
2020-03-18,2020,1703.0,1712.879474236361,0,20.4,23.2,17.4,1011.9,88.0,8.2,13.0,31.7,1,0,0,Wednesday,March,0,0,0,0,0,0,1,0,0,0,0,0,0,0,1,0,0,0,0
2020-03-19,2020,1619.0,1702.7100840006885,0,20.7,25.0,16.3,1011.5,73.0,10.0,9.4,20.6,0,0,0,Thursday,March,0,0,0,0,1,0,0,0,0,0,0,0,0,0,1,0,0,0,0
2020-03-20,2020,1382.0,1720.4593340652805,0,21.9,27.0,16.4,1012.5,68.0,10.0,7.6,16.5,0,0,0,Friday,March,1,0,0,0,0,0,0,0,0,0,0,0,0,0,1,0,0,0,0
2020-03-21,2020,1316.0,1622.171277056277,0,22.9,27.0,18.0,1012.2,67.0,10.0,8.0,16.5,0,0,0,Saturday,March,0,0,1,0,0,0,0,0,0,0,0,0,0,0,1,0,0,0,0
2020-03-22,2020,1229.0,1477.4501298701298,0,23.2,27.2,17.9,1016.2,69.0,10.0,7.6,18.3,0,0,0,Sunday,March,0,0,0,1,0,0,0,0,0,0,0,0,0,0,1,0,0,0,0
2020-03-23,2020,1275.0,1408.0181818181818,1,24.4,28.0,18.1,1017.7,64.0,10.0,15.2,22.2,0,0,0,Monday,March,0,1,0,0,0,0,0,0,0,0,0,0,0,0,1,0,0,0,0
2020-03-24,2020,1338.0,1450.7818181818182,1,24.6,28.4,21.8,1014.5,71.0,10.0,13.1,20.6,0,0,0,Tuesday,March,0,0,0,0,0,1,0,0,0,0,0,0,0,0,1,0,0,0,0
2020-03-25,2020,1354.0,1817.9938686235396,0,24.1,28.0,21.4,1014.2,77.0,9.8,12.0,18.3,1,0,0,Wednesday,March,0,0,0,0,0,0,1,0,0,0,0,0,0,0,1,0,0,0,0
2020-03-26,2020,1369.0,1787.1338949255203,0,22.8,25.5,21.0,1016.6,81.0,9.8,18.7,27.8,0,0,0,Thursday,March,0,0,0,0,1,0,0,0,0,0,0,0,0,0,1,0,0,0,0
2020-03-27,2020,1419.0,1818.397787356322,0,24.0,26.5,21.8,1014.0,78.0,10.0,15.2,24.1,0,0,0,Friday,March,1,0,0,0,0,0,0,0,0,0,0,0,0,0,1,0,0,0,0
2020-03-28,2020,1371.0,1656.961212121212,0,23.9,27.0,21.9,1012.5,83.0,10.0,9.6,14.8,0,0,0,Saturday,March,0,0,1,0,0,0,0,0,0,0,0,0,0,0,1,0,0,0,0
2020-03-29,2020,1292.0,1565.1454545454546,0,24.5,30.0,20.7,1014.4,77.0,10.0,9.8,18.3,0,0,0,Sunday,March,0,0,0,1,0,0,0,0,0,0,0,0,0,0,1,0,0,0,0
2020-03-30,2020,1363.0,1804.288305785124,0,23.9,29.8,22.4,1017.0,84.0,9.5,15.2,27.8,0,0,0,Monday,March,0,1,0,0,0,0,0,0,0,0,0,0,0,0,1,0,0,0,0
2020-03-31,2020,1302.0,1444.8363636363636,1,22.2,26.1,19.3,1017.8,82.0,8.9,29.3,46.5,1,0,0,Tuesday,March,0,0,0,0,0,1,0,0,0,0,0,0,0,0,1,0,0,0,0
2020-04-01,2020,1383.0,1741.2031602360169,0,21.8,24.0,19.3,1014.0,84.0,9.5,16.3,35.2,1,0,0,Wednesday,April,0,0,0,0,0,0,1,1,0,0,0,0,0,0,0,0,0,0,0
2020-04-02,2020,1369.0,1663.033572079227,0,18.7,23.8,14.0,1017.6,65.0,9.7,14.4,18.3,1,0,0,Thursday,April,0,0,0,0,1,0,0,1,0,0,0,0,0,0,0,0,0,0,0
2020-04-03,2020,1342.0,1719.0879746390126,0,17.0,22.0,12.3,1018.8,66.0,10.0,10.6,18.3,0,0,0,Friday,April,1,0,0,0,0,0,0,1,0,0,0,0,0,0,0,0,0,0,0
2020-04-04,2020,1283.0,1597.0861796536797,0,19.8,24.0,14.3,1012.8,68.0,10.0,15.4,20.6,0,0,0,Saturday,April,0,0,1,0,0,0,0,1,0,0,0,0,0,0,0,0,0,0,0
2020-04-05,2020,1189.0,1488.5590909090909,0,20.1,24.0,16.8,1010.9,75.0,10.0,7.8,14.8,0,0,0,Sunday,April,0,0,0,1,0,0,0,1,0,0,0,0,0,0,0,0,0,0,0
2020-04-06,2020,1337.0,1677.630073260073,0,18.8,22.8,14.8,1016.8,56.0,10.0,11.9,18.3,1,1,0,Monday,April,0,1,0,0,0,0,0,1,0,0,0,0,0,0,0,0,0,0,0
2020-04-07,2020,1409.0,1767.0337298307752,0,14.6,19.3,10.6,1025.2,55.0,10.0,9.1,14.8,0,0,0,Tuesday,April,0,0,0,0,0,1,0,1,0,0,0,0,0,0,0,0,0,0,0
2020-04-08,2020,1427.0,1788.8308612641565,0,14.3,19.0,11.0,1025.9,62.0,10.0,9.3,20.6,0,0,0,Wednesday,April,0,0,0,0,0,0,1,1,0,0,0,0,0,0,0,0,0,0,0
2020-04-09,2020,1427.0,1737.2181818181818,1,15.8,20.0,11.8,1024.6,69.0,10.0,11.7,22.2,0,0,0,Thursday,April,0,0,0,0,1,0,0,1,0,0,0,0,0,0,0,0,0,0,0
2020-04-10,2020,1314.0,1546.409090909091,1,17.2,20.0,13.5,1022.6,75.0,9.8,12.8,25.9,0,0,0,Friday,April,1,0,0,0,0,0,0,1,0,0,0,0,0,0,0,0,0,0,0
2020-04-11,2020,1281.0,1601.1846645021644,0,18.8,22.2,16.3,1019.5,78.0,10.0,15.6,25.9,0,0,0,Saturday,April,0,0,1,0,0,0,0,1,0,0,0,0,0,0,0,0,0,0,0
2020-04-12,2020,1213.0,1464.3393434343434,0,19.3,22.7,16.3,1017.6,79.0,10.0,11.9,20.6,0,0,0,Sunday,April,0,0,0,1,0,0,0,1,0,0,0,0,0,0,0,0,0,0,0
2020-04-13,2020,1392.0,1682.429686475141,0,18.6,23.0,14.0,1012.9,76.0,9.0,11.7,25.9,1,0,0,Monday,April,0,1,0,0,0,0,0,1,0,0,0,0,0,0,0,0,0,0,0
2020-04-14,2020,1455.0,1787.318484848485,0,14.7,20.0,10.8,1013.2,65.0,9.7,12.6,16.5,1,0,0,Tuesday,April,0,0,0,0,0,1,0,1,0,0,0,0,0,0,0,0,0,0,0
2020-04-15,2020,1465.0,1782.9980103869639,0,15.4,20.5,10.6,1016.9,59.0,10.0,10.2,14.8,0,0,0,Wednesday,April,0,0,0,0,0,0,1,1,0,0,0,0,0,0,0,0,0,0,0
2020-04-16,2020,1464.0,1792.4214876033059,0,15.0,20.8,10.6,1023.4,66.0,10.0,5.6,11.1,0,0,0,Thursday,April,0,0,0,0,1,0,0,1,0,0,0,0,0,0,0,0,0,0,0
2020-04-17,2020,1479.0,1728.6278344184848,0,16.6,20.0,13.3,1026.0,83.0,10.0,7.8,14.8,0,0,0,Friday,April,1,0,0,0,0,0,0,1,0,0,0,0,0,0,0,0,0,0,0
2020-04-18,2020,1388.0,1641.850681818182,0,19.1,23.2,15.8,1023.4,79.0,10.0,11.3,20.6,0,0,0,Saturday,April,0,0,1,0,0,0,0,1,0,0,0,0,0,0,0,0,0,0,0
2020-04-19,2020,1249.0,1464.6480735930736,0,20.1,24.0,17.0,1019.2,75.0,10.0,12.8,22.2,0,0,0,Sunday,April,0,0,0,1,0,0,0,1,0,0,0,0,0,0,0,0,0,0,0
2020-04-20,2020,1430.0,1686.9294278448826,0,19.8,25.0,16.7,1016.3,82.0,10.0,4.4,13.0,0,0,0,Monday,April,0,1,0,0,0,0,0,1,0,0,0,0,0,0,0,0,0,0,0
2020-04-21,2020,1514.0,1717.7215992555207,0,18.3,24.8,15.7,1018.7,79.0,10.8,17.6,31.7,0,0,0,Tuesday,April,0,0,0,0,0,1,0,1,0,0,0,0,0,0,0,0,0,0,0
2020-04-22,2020,1535.0,1732.380397068378,0,17.1,21.5,15.3,1019.4,79.0,10.0,18.5,24.1,0,0,0,Wednesday,April,0,0,0,0,0,0,1,1,0,0,0,0,0,0,0,0,0,0,0
2020-04-23,2020,1523.0,1720.2837225020776,0,18.9,21.0,16.3,1015.3,89.0,10.0,17.0,22.2,0,0,0,Thursday,April,0,0,0,0,1,0,0,1,0,0,0,0,0,0,0,0,0,0,0
2020-04-24,2020,1468.0,1738.7035511850106,0,20.7,22.0,17.4,1009.2,80.0,9.8,14.8,24.1,1,1,0,Friday,April,1,0,0,0,0,0,0,1,0,0,0,0,0,0,0,0,0,0,0
2020-04-25,2020,1370.0,1585.1181818181817,0,19.6,23.5,17.0,1013.7,83.0,9.3,19.3,29.4,1,1,0,Saturday,April,0,0,1,0,0,0,0,1,0,0,0,0,0,0,0,0,0,0,0
2020-04-26,2020,1258.0,1481.3567099567101,0,18.1,20.0,16.3,1024.8,84.0,10.0,29.4,44.6,0,0,0,Sunday,April,0,0,0,1,0,0,0,1,0,0,0,0,0,0,0,0,0,0,0
2020-04-27,2020,1449.0,1673.7629953379953,0,18.2,22.0,16.3,1022.5,88.0,9.7,20.6,35.2,1,1,0,Monday,April,0,1,0,0,0,0,0,1,0,0,0,0,0,0,0,0,0,0,0
2020-04-28,2020,1438.0,1755.222548399313,0,19.2,21.0,16.7,1011.9,93.0,6.9,18.5,40.7,1,1,0,Tuesday,April,0,0,0,0,0,1,0,1,0,0,0,0,0,0,0,0,0,0,0
2020-04-29,2020,1486.0,1701.861180200695,0,17.3,22.5,12.8,1016.3,64.0,10.0,12.2,18.3,0,0,0,Wednesday,April,0,0,0,0,0,0,1,1,0,0,0,0,0,0,0,0,0,0,0
2020-04-30,2020,1478.0,1699.4717243099697,0,16.7,22.4,12.3,1019.5,68.0,10.0,5.6,9.4,0,0,0,Thursday,April,0,0,0,0,1,0,0,1,0,0,0,0,0,0,0,0,0,0,0
2020-05-01,2020,1272.0,1465.009090909091,1,17.2,22.0,13.8,1021.2,71.0,9.7,7.4,18.3,0,0,0,Friday,May,1,0,0,0,0,0,0,0,0,0,0,0,0,0,0,1,0,0,0
2020-05-02,2020,1352.0,1676.3886363636361,0,15.1,21.8,11.3,1023.8,79.0,10.0,10.4,75.9,0,0,0,Saturday,May,0,0,1,0,0,0,0,0,0,0,0,0,0,0,0,1,0,0,0
2020-05-03,2020,1306.0,1477.790909090909,0,16.8,20.0,12.0,1019.8,77.0,9.8,16.1,27.8,1,1,0,Sunday,May,0,0,0,1,0,0,0,0,0,0,0,0,0,0,0,1,0,0,0
2020-05-04,2020,1485.0,1720.6235586383311,0,16.8,19.6,14.8,1013.4,85.0,9.2,8.0,18.3,1,1,0,Monday,May,0,1,0,0,0,0,0,0,0,0,0,0,0,0,0,1,0,0,0
2020-05-05,2020,1611.0,1782.6843878789919,0,14.9,18.8,12.6,1011.6,76.0,10.0,16.7,25.9,0,0,0,Tuesday,May,0,0,0,0,0,1,0,0,0,0,0,0,0,0,0,1,0,0,0
2020-05-06,2020,1643.0,1857.9488359788359,0,12.3,16.8,9.0,1023.9,71.0,10.0,8.9,11.1,0,0,0,Wednesday,May,0,0,0,0,0,0,1,0,0,0,0,0,0,0,0,1,0,0,0
2020-05-07,2020,1645.0,1826.9471043771043,0,14.3,19.0,9.8,1025.0,63.0,11.3,6.7,14.8,0,0,0,Thursday,May,0,0,0,0,1,0,0,0,0,0,0,0,0,0,0,1,0,0,0
2020-05-08,2020,1633.0,1818.6017428068567,0,13.8,19.0,9.8,1021.3,68.0,10.0,12.4,20.6,0,0,0,Friday,May,1,0,0,0,0,0,0,0,0,0,0,0,0,0,0,1,0,0,0
2020-05-09,2020,1519.0,1660.3727272727272,0,15.6,20.2,10.8,1014.6,72.0,10.0,17.2,25.9,0,0,0,Saturday,May,0,0,1,0,0,0,0,0,0,0,0,0,0,0,0,1,0,0,0
2020-05-10,2020,1342.0,1465.4446969696971,0,18.0,23.5,11.8,1008.4,71.0,10.0,11.7,20.6,0,0,0,Sunday,May,0,0,0,1,0,0,0,0,0,0,0,0,0,0,0,1,0,0,0
2020-05-11,2020,1523.0,1703.0299796667975,0,18.9,23.6,14.0,1013.4,48.0,10.0,8.5,14.8,0,0,0,Monday,May,0,1,0,0,0,0,0,0,0,0,0,0,0,0,0,1,0,0,0
2020-05-12,2020,1593.0,1815.3511589925229,0,13.6,20.3,9.8,1017.9,72.0,9.7,5.6,13.0,0,0,0,Tuesday,May,0,0,0,0,0,1,0,0,0,0,0,0,0,0,0,1,0,0,0
2020-05-13,2020,1643.0,1819.3705222681358,0,14.9,20.2,10.8,1018.8,65.0,9.8,5.7,14.8,0,0,0,Wednesday,May,0,0,0,0,0,0,1,0,0,0,0,0,0,0,0,1,0,0,0
2020-05-14,2020,1658.0,1849.0283766233765,0,11.6,20.5,7.9,1023.6,65.0,10.0,8.7,16.5,0,0,0,Thursday,May,0,0,0,0,1,0,0,0,0,0,0,0,0,0,0,1,0,0,0
2020-05-15,2020,1606.0,1801.5295626721766,0,14.7,21.2,9.8,1016.9,59.0,10.0,17.8,29.4,0,0,0,Friday,May,1,0,0,0,0,0,0,0,0,0,0,0,0,0,0,1,0,0,0
2020-05-16,2020,1427.0,1635.9036363636362,0,19.4,27.0,11.8,1011.8,54.0,10.0,14.3,22.2,0,0,0,Saturday,May,0,0,1,0,0,0,0,0,0,0,0,0,0,0,0,1,0,0,0
2020-05-17,2020,1280.0,1447.7244949494948,0,19.5,27.3,14.3,1013.8,63.0,9.5,11.5,22.2,0,0,0,Sunday,May,0,0,0,1,0,0,0,0,0,0,0,0,0,0,0,1,0,0,0
2020-05-18,2020,1529.0,1695.9388362142909,0,16.5,24.8,14.1,1018.8,80.0,10.0,14.1,25.9,0,0,0,Monday,May,0,1,0,0,0,0,0,0,0,0,0,0,0,0,0,1,0,0,0
2020-05-19,2020,1565.0,1717.0901491592472,0,17.9,22.2,15.0,1014.9,79.0,10.0,8.5,13.0,0,0,0,Tuesday,May,0,0,0,0,0,1,0,0,0,0,0,0,0,0,0,1,0,0,0
2020-05-20,2020,1569.0,1717.642491054726,0,18.4,22.5,15.3,1011.4,84.0,10.0,5.7,13.0,1,1,0,Wednesday,May,0,0,0,0,0,0,1,0,0,0,0,0,0,0,0,1,0,0,0
2020-05-21,2020,1636.0,1785.0044540229883,0,15.8,22.0,12.8,1012.1,88.0,8.2,13.7,20.6,1,1,0,Thursday,May,0,0,0,0,1,0,0,0,0,0,0,0,0,0,0,1,0,0,0
2020-05-22,2020,1642.0,1865.4266287878788,0,13.4,16.0,11.0,1021.0,81.0,9.7,18.5,24.1,1,0,0,Friday,May,1,0,0,0,0,0,0,0,0,0,0,0,0,0,0,1,0,0,0
2020-05-23,2020,1523.0,1746.6318181818183,0,12.7,17.0,8.6,1023.4,69.0,10.0,12.2,22.2,0,0,0,Saturday,May,0,0,1,0,0,0,0,0,0,0,0,0,0,0,0,1,0,0,0
2020-05-24,2020,1389.0,1533.8090909090909,0,12.7,17.2,8.8,1015.9,62.0,9.8,14.1,25.9,0,0,0,Sunday,May,0,0,0,1,0,0,0,0,0,0,0,0,0,0,0,1,0,0,0
2020-05-25,2020,1424.0,1556.290909090909,1,14.9,17.0,9.8,1011.3,60.0,10.0,18.0,25.9,0,0,0,Monday,May,0,1,0,0,0,0,0,0,0,0,0,0,0,0,0,1,0,0,0
2020-05-26,2020,1616.0,1834.548056758057,0,13.4,17.2,10.3,1018.2,78.0,10.0,7.8,14.8,0,0,0,Tuesday,May,0,0,0,0,0,1,0,0,0,0,0,0,0,0,0,1,0,0,0
2020-05-27,2020,1645.0,1822.6703358804498,0,13.8,18.0,10.0,1016.2,85.0,10.0,8.9,14.8,0,0,0,Wednesday,May,0,0,0,0,0,0,1,0,0,0,0,0,0,0,0,1,0,0,0
2020-05-28,2020,1629.0,1824.7263311273657,0,14.7,18.0,10.3,1015.9,83.0,9.8,9.8,16.5,0,0,0,Thursday,May,0,0,0,0,1,0,0,0,0,0,0,0,0,0,0,1,0,0,0
2020-05-29,2020,1627.0,1794.7468570030053,0,14.7,18.0,11.7,1015.0,87.0,8.0,6.7,14.8,0,0,1,Friday,May,1,0,0,0,0,0,0,0,0,0,0,0,0,0,0,1,0,0,0
2020-05-30,2020,1522.0,1720.0272727272727,0,13.5,18.1,11.0,1013.9,89.0,7.4,9.4,16.5,0,0,1,Saturday,May,0,0,1,0,0,0,0,0,0,0,0,0,0,0,0,1,0,0,0
2020-05-31,2020,1425.0,1530.209090909091,0,10.1,15.4,7.0,1018.2,66.0,10.0,15.9,24.1,0,0,0,Sunday,May,0,0,0,1,0,0,0,0,0,0,0,0,0,0,0,1,0,0,0
2020-06-01,2020,1671.0,1849.7545454545455,0,10.5,14.0,6.8,1022.7,68.0,10.0,7.4,13.0,0,0,0,Monday,June,0,1,0,0,0,0,0,0,0,0,0,0,0,1,0,0,0,0,0
2020-06-02,2020,1746.0,1843.9310606060606,0,9.6,14.0,6.0,1021.7,79.0,9.5,7.6,14.8,0,0,0,Tuesday,June,0,0,0,0,0,1,0,0,0,0,0,0,0,1,0,0,0,0,0
2020-06-03,2020,1738.0,1892.6308195592287,0,11.3,14.5,7.5,1023.1,74.0,10.0,7.2,11.1,0,0,0,Wednesday,June,0,0,0,0,0,0,1,0,0,0,0,0,0,1,0,0,0,0,0
2020-06-04,2020,1735.0,1873.239393939394,0,11.3,14.5,8.8,1026.1,90.0,8.5,11.1,18.3,0,0,1,Thursday,June,0,0,0,0,1,0,0,0,0,0,0,0,0,1,0,0,0,0,0
2020-06-05,2020,1739.0,1850.7689393939393,0,12.8,16.0,10.0,1020.7,91.0,6.6,16.3,29.4,1,0,1,Friday,June,1,0,0,0,0,0,0,0,0,0,0,0,0,1,0,0,0,0,0
2020-06-06,2020,1563.0,1752.8363636363636,0,15.6,17.0,11.8,1014.8,90.0,8.5,25.2,33.5,1,0,0,Saturday,June,0,0,1,0,0,0,0,0,0,0,0,0,0,1,0,0,0,0,0
2020-06-07,2020,1389.0,1518.3818181818183,0,15.1,17.0,13.6,1015.7,94.0,8.0,5.9,16.5,1,0,0,Sunday,June,0,0,0,1,0,0,0,0,0,0,0,0,0,1,0,0,0,0,0
2020-06-08,2020,1638.0,1820.590909090909,0,15.0,17.6,13.5,1016.3,91.0,5.3,5.0,9.4,1,0,0,Monday,June,0,1,0,0,0,0,0,0,0,0,0,0,0,1,0,0,0,0,0
2020-06-09,2020,1743.0,1824.6650432900433,0,13.5,19.9,10.3,1015.0,90.0,6.0,5.2,11.1,0,0,0,Tuesday,June,0,0,0,0,0,1,0,0,0,0,0,0,0,1,0,0,0,0,0
2020-06-10,2020,1741.0,1844.6174777537278,0,13.2,17.5,10.3,1012.4,91.0,8.2,6.9,14.8,0,0,1,Wednesday,June,0,0,0,0,0,0,1,0,0,0,0,0,0,1,0,0,0,0,0
2020-06-11,2020,1740.0,1863.0371043771042,0,12.4,16.7,8.8,1011.5,91.0,7.9,6.5,18.3,0,0,1,Thursday,June,0,0,0,0,1,0,0,0,0,0,0,0,0,1,0,0,0,0,0
2020-06-12,2020,1721.0,1836.8270833333333,0,15.3,19.0,10.7,1006.5,82.0,8.7,8.1,24.1,1,0,1,Friday,June,1,0,0,0,0,0,0,0,0,0,0,0,0,1,0,0,0,0,0
2020-06-13,2020,1692.0,1782.2545454545455,0,10.7,18.5,7.6,1020.5,33.0,10.0,15.7,20.6,0,0,0,Saturday,June,0,0,1,0,0,0,0,0,0,0,0,0,0,1,0,0,0,0,0
2020-06-14,2020,1538.0,1633.990909090909,0,7.8,12.0,2.6,1028.4,52.0,10.0,7.4,16.5,0,0,0,Sunday,June,0,0,0,1,0,0,0,0,0,0,0,0,0,1,0,0,0,0,0
2020-06-15,2020,1557.0,1700.4272727272728,1,11.4,14.0,4.3,1023.5,63.0,10.0,16.3,24.1,0,0,0,Monday,June,0,1,0,0,0,0,0,0,0,0,0,0,0,1,0,0,0,0,0
2020-06-16,2020,1721.0,1849.778787878788,0,16.0,20.5,9.5,1015.9,86.0,10.0,10.0,16.5,1,0,0,Tuesday,June,0,0,0,0,0,1,0,0,0,0,0,0,0,1,0,0,0,0,0
2020-06-17,2020,1700.0,1819.2754545454545,0,18.7,22.2,14.3,1008.2,85.0,10.0,10.7,20.6,0,0,0,Wednesday,June,0,0,0,0,0,0,1,0,0,0,0,0,0,1,0,0,0,0,0
2020-06-18,2020,1668.0,1809.7227272727273,0,16.4,22.2,11.8,1005.3,79.0,8.9,12.0,25.9,1,1,0,Thursday,June,0,0,0,0,1,0,0,0,0,0,0,0,0,1,0,0,0,0,0
2020-06-19,2020,1715.0,1855.9559355459355,0,13.0,18.6,10.6,1010.8,87.0,8.2,9.1,16.5,0,0,1,Friday,June,1,0,0,0,0,0,0,0,0,0,0,0,0,1,0,0,0,0,0
2020-06-20,2020,1533.0,1613.9,1,12.1,15.5,8.8,1013.0,92.0,5.1,11.5,24.1,1,0,1,Saturday,June,0,0,1,0,0,0,0,0,0,0,0,0,0,1,0,0,0,0,0
2020-06-21,2020,1380.0,1538.3,0,14.3,18.0,10.3,1012.2,79.0,10.1,16.1,35.2,1,1,0,Sunday,June,0,0,0,1,0,0,0,0,0,0,0,0,0,1,0,0,0,0,0
2020-06-22,2020,1696.0,1828.7681818181818,0,12.3,18.2,9.0,1016.5,82.0,10.0,16.1,27.8,0,0,0,Monday,June,0,1,0,0,0,0,0,0,0,0,0,0,0,1,0,0,0,0,0
2020-06-23,2020,1720.0,1844.2136363636364,0,13.9,15.1,12.1,1006.0,94.0,6.9,8.3,22.2,1,0,0,Tuesday,June,0,0,0,0,0,1,0,0,0,0,0,0,0,1,0,0,0,0,0
2020-06-24,2020,1753.0,1861.8740530303032,0,13.1,15.0,10.8,1006.5,80.0,10.0,16.3,24.1,1,0,0,Wednesday,June,0,0,0,0,0,0,1,0,0,0,0,0,0,1,0,0,0,0,0
2020-06-25,2020,1778.0,1903.4839921946746,0,10.6,14.5,7.3,1015.6,60.0,10.0,12.0,18.3,0,0,0,Thursday,June,0,0,0,0,1,0,0,0,0,0,0,0,0,1,0,0,0,0,0
2020-06-26,2020,1820.0,1880.7775466200467,0,9.5,14.0,4.8,1022.0,53.0,10.0,6.1,11.1,0,0,0,Friday,June,1,0,0,0,0,0,0,0,0,0,0,0,0,1,0,0,0,0,0
2020-06-27,2020,1687.0,1790.3636363636363,0,10.7,15.0,5.0,1023.5,59.0,10.0,4.4,11.1,0,0,0,Saturday,June,0,0,1,0,0,0,0,0,0,0,0,0,0,1,0,0,0,0,0
2020-06-28,2020,1523.0,1589.2636363636364,0,9.5,14.6,5.8,1023.7,72.0,9.0,9.6,22.2,0,0,0,Sunday,June,0,0,0,1,0,0,0,0,0,0,0,0,0,1,0,0,0,0,0
2020-06-29,2020,1766.0,1830.6181818181817,0,11.5,13.0,8.0,1019.1,74.0,9.8,21.5,31.7,1,0,0,Monday,June,0,1,0,0,0,0,0,0,0,0,0,0,0,1,0,0,0,0,0
2020-06-30,2020,1869.0,1851.55,0,11.3,13.3,9.7,1008.6,96.0,3.2,18.3,33.5,1,0,1,Tuesday,June,0,0,0,0,0,1,0,0,0,0,0,0,0,1,0,0,0,0,0
2020-07-01,2020,1874.0,1919.282334710744,0,8.1,12.8,5.4,1017.0,77.0,10.0,13.3,24.1,1,0,0,Wednesday,July,0,0,0,0,0,0,1,0,0,0,0,0,1,0,0,0,0,0,0
2020-07-02,2020,1849.0,1902.2164256198348,0,8.1,11.0,4.8,1021.0,74.0,10.0,7.2,14.8,1,0,0,Thursday,July,0,0,0,0,1,0,0,0,0,0,0,0,1,0,0,0,0,0,0
2020-07-03,2020,1833.0,1913.7973845598847,0,9.5,14.0,5.8,1016.3,77.0,10.0,15.4,24.1,0,0,0,Friday,July,1,0,0,0,0,0,0,0,0,0,0,0,1,0,0,0,0,0,0
2020-07-04,2020,1691.0,1774.2545454545455,0,11.1,14.0,7.0,1011.6,75.0,10.0,15.2,27.8,0,0,0,Saturday,July,0,0,1,0,0,0,0,0,0,0,0,0,1,0,0,0,0,0,0
2020-07-05,2020,1512.0,1562.090909090909,0,11.2,14.0,9.2,1015.3,74.0,9.8,8.5,55.4,1,0,0,Sunday,July,0,0,0,1,0,0,0,0,0,0,0,0,1,0,0,0,0,0,0
2020-07-06,2020,1828.0,1827.9272727272728,0,8.8,13.8,5.8,1023.9,73.0,10.0,6.9,11.1,0,0,0,Monday,July,0,1,0,0,0,0,0,0,0,0,0,0,1,0,0,0,0,0,0
2020-07-07,2020,1942.0,1895.0272727272727,0,8.7,11.6,6.6,1024.4,74.0,10.0,17.8,31.7,0,0,0,Tuesday,July,0,0,0,0,0,1,0,0,0,0,0,0,1,0,0,0,0,0,0
2020-07-08,2020,1865.0,1898.0319162403255,0,9.1,13.0,6.2,1021.0,72.0,10.0,8.9,16.5,0,0,0,Wednesday,July,0,0,0,0,0,0,1,0,0,0,0,0,1,0,0,0,0,0,0
2020-07-09,2020,1733.0,1708.5545454545454,1,10.2,15.0,6.3,1019.5,59.0,9.7,10.4,18.3,1,0,0,Thursday,July,0,0,0,0,1,0,0,0,0,0,0,0,1,0,0,0,0,0,0
2020-07-10,2020,1730.0,1683.4727272727273,1,10.9,15.0,7.2,1011.6,74.0,10.0,18.1,59.4,0,0,0,Friday,July,1,0,0,0,0,0,0,0,0,0,0,0,1,0,0,0,0,0,0
2020-07-11,2020,1697.0,1789.1454545454546,0,9.8,16.7,4.8,1014.2,62.0,10.0,8.7,18.3,0,0,0,Saturday,July,0,0,1,0,0,0,0,0,0,0,0,0,1,0,0,0,0,0,0
2020-07-12,2020,1577.0,1588.4272727272728,0,10.7,15.0,6.3,1012.9,43.0,10.0,10.0,16.5,0,0,0,Sunday,July,0,0,0,1,0,0,0,0,0,0,0,0,1,0,0,0,0,0,0
2020-07-13,2020,1892.0,1814.7,0,10.2,14.5,8.4,1019.4,37.0,10.0,12.8,20.6,1,0,0,Monday,July,0,1,0,0,0,0,0,0,0,0,0,0,1,0,0,0,0,0,0
2020-07-14,2020,1955.0,1865.081818181818,0,7.6,13.0,2.9,1024.6,40.0,10.0,6.9,13.0,0,0,0,Tuesday,July,0,0,0,0,0,1,0,0,0,0,0,0,1,0,0,0,0,0,0
2020-07-15,2020,1927.0,1905.6561983471074,0,8.1,12.3,4.3,1024.0,59.0,10.0,6.3,16.5,0,0,0,Wednesday,July,0,0,0,0,0,0,1,0,0,0,0,0,1,0,0,0,0,0,0
2020-07-16,2020,1888.0,1907.4030417814508,0,10.5,13.0,5.3,1021.5,68.0,9.8,8.3,13.0,1,0,0,Thursday,July,0,0,0,0,1,0,0,0,0,0,0,0,1,0,0,0,0,0,0
2020-07-17,2020,1866.0,1903.9877705627705,0,11.1,14.2,8.5,1018.1,83.0,10.0,10.7,18.3,0,0,0,Friday,July,1,0,0,0,0,0,0,0,0,0,0,0,1,0,0,0,0,0,0
2020-07-18,2020,1689.0,1758.490909090909,0,13.6,16.3,8.8,1010.1,97.0,4.2,8.1,13.0,0,0,1,Saturday,July,0,0,1,0,0,0,0,0,0,0,0,0,1,0,0,0,0,0,0
2020-07-19,2020,1496.0,1551.7636363636364,0,15.3,21.0,11.1,1008.8,91.0,6.4,10.4,22.2,0,0,1,Sunday,July,0,0,0,1,0,0,0,0,0,0,0,0,1,0,0,0,0,0,0
2020-07-20,2020,1735.0,1753.7159779614324,0,16.7,22.0,13.0,1009.7,87.0,7.9,5.2,11.1,0,0,0,Monday,July,0,1,0,0,0,0,0,0,0,0,0,0,1,0,0,0,0,0,0
2020-07-21,2020,1830.0,1850.3363636363636,0,14.1,22.1,12.0,1010.8,97.0,2.6,10.0,16.5,1,0,1,Tuesday,July,0,0,0,0,0,1,0,0,0,0,0,0,1,0,0,0,0,0,0
2020-07-22,2020,1848.0,1873.2454545454545,0,13.9,16.0,11.8,1011.2,98.0,2.6,6.3,16.5,1,0,0,Wednesday,July,0,0,0,0,0,0,1,0,0,0,0,0,1,0,0,0,0,0,0
2020-07-23,2020,1852.0,1901.2181818181818,0,13.3,15.2,11.0,1012.1,93.0,7.6,7.2,14.8,1,0,0,Thursday,July,0,0,0,0,1,0,0,0,0,0,0,0,1,0,0,0,0,0,0
2020-07-24,2020,1893.0,1908.1809343434343,0,8.7,13.5,5.5,1014.6,72.0,9.8,13.3,22.2,1,0,0,Friday,July,1,0,0,0,0,0,0,0,0,0,0,0,1,0,0,0,0,0,0
2020-07-25,2020,1810.0,1788.6545454545455,0,8.7,14.0,4.0,1018.9,53.0,10.0,10.0,16.5,0,0,0,Saturday,July,0,0,1,0,0,0,0,0,0,0,0,0,1,0,0,0,0,0,0
2020-07-26,2020,1562.0,1583.1818181818182,0,10.8,16.2,5.3,1018.0,58.0,10.0,13.3,24.1,0,0,0,Sunday,July,0,0,0,1,0,0,0,0,0,0,0,0,1,0,0,0,0,0,0
2020-07-27,2020,1821.0,1826.0545454545454,0,11.3,16.5,8.1,1015.7,53.0,10.0,10.2,16.5,0,0,0,Monday,July,0,1,0,0,0,0,0,0,0,0,0,0,1,0,0,0,0,0,0
2020-07-28,2020,1934.0,1932.3727272727272,0,8.0,14.9,2.8,1024.1,47.0,10.0,9.6,20.6,0,0,0,Tuesday,July,0,0,0,0,0,1,0,0,0,0,0,0,1,0,0,0,0,0,0
2020-07-29,2020,1943.0,1909.7166666666667,0,8.2,12.5,3.3,1028.1,58.0,10.0,6.1,14.8,0,0,0,Wednesday,July,0,0,0,0,0,0,1,0,0,0,0,0,1,0,0,0,0,0,0
2020-07-30,2020,1943.0,1912.2372192706287,0,10.7,14.0,5.9,1027.0,66.0,10.0,13.3,22.2,0,0,0,Thursday,July,0,0,0,0,1,0,0,0,0,0,0,0,1,0,0,0,0,0,0
2020-07-31,2020,1831.0,1906.268704906205,0,10.7,13.8,7.7,1023.6,76.0,10.0,11.3,24.1,0,0,0,Friday,July,1,0,0,0,0,0,0,0,0,0,0,0,1,0,0,0,0,0,0
2020-08-01,2020,1654.0,1768.9863636363636,0,12.2,16.1,8.3,1021.5,88.0,10.0,13.0,18.3,0,0,0,Saturday,August,0,0,1,0,0,0,0,0,1,0,0,0,0,0,0,0,0,0,0
2020-08-02,2020,1414.0,1482.7704545454542,0,17.2,20.0,10.8,1018.8,85.0,10.0,8.7,20.6,0,0,0,Sunday,August,0,0,0,1,0,0,0,0,1,0,0,0,0,0,0,0,0,0,0
2020-08-03,2020,1664.0,1739.5454545454545,0,14.6,20.8,11.7,1023.0,87.0,8.9,18.3,29.4,0,0,0,Monday,August,0,1,0,0,0,0,0,0,1,0,0,0,0,0,0,0,0,0,0
2020-08-04,2020,1662.0,1763.911634252947,0,17.1,21.4,11.6,1020.4,80.0,9.8,6.5,11.1,0,0,0,Tuesday,August,0,0,0,0,0,1,0,0,1,0,0,0,0,0,0,0,0,0,0
2020-08-05,2020,1644.0,1729.9432046117074,0,18.1,21.7,15.3,1015.3,79.0,8.9,7.0,13.0,0,0,0,Wednesday,August,0,0,0,0,0,0,1,0,1,0,0,0,0,0,0,0,0,0,0
2020-08-06,2020,1712.0,1760.1933971351905,0,16.8,22.7,11.0,1022.3,50.0,9.8,17.8,29.4,1,1,0,Thursday,August,0,0,0,0,1,0,0,0,1,0,0,0,0,0,0,0,0,0,0
2020-08-07,2020,1844.0,1882.1563636363637,0,11.1,17.2,10.0,1025.8,87.0,8.9,25.2,31.7,1,0,0,Friday,August,1,0,0,0,0,0,0,0,1,0,0,0,0,0,0,0,0,0,0
2020-08-08,2020,1714.0,1737.1181818181817,0,13.8,17.0,9.8,1022.0,96.0,6.0,16.1,29.4,1,0,1,Saturday,August,0,0,1,0,0,0,0,0,1,0,0,0,0,0,0,0,0,0,0
2020-08-09,2020,1507.0,1525.590909090909,0,13.9,17.2,10.8,1015.8,99.0,2.1,10.6,22.2,0,0,1,Sunday,August,0,0,0,1,0,0,0,0,1,0,0,0,0,0,0,0,0,0,0
2020-08-10,2020,1746.0,1796.8363636363636,0,15.3,17.5,12.8,1009.2,60.0,7.9,11.7,18.3,1,1,0,Monday,August,0,1,0,0,0,0,0,0,1,0,0,0,0,0,0,0,0,0,0
2020-08-11,2020,1902.0,1852.2272727272727,0,10.4,17.1,6.0,1019.5,29.0,10.0,11.1,16.5,0,0,0,Tuesday,August,0,0,0,0,0,1,0,0,1,0,0,0,0,0,0,0,0,0,0
2020-08-12,2020,1890.0,1905.37170995671,0,9.6,15.2,3.8,1018.2,42.0,9.8,8.3,18.3,0,0,0,Wednesday,August,0,0,0,0,0,0,1,0,1,0,0,0,0,0,0,0,0,0,0
2020-08-13,2020,1840.0,1880.6756060606062,0,12.0,18.0,7.2,1013.8,69.19915254237289,8.9,10.0,18.3,0,0,0,Thursday,August,0,0,0,0,1,0,0,0,1,0,0,0,0,0,0,0,0,0,0
2020-08-14,2020,1817.0,1861.121212121212,0,12.0,18.2,7.3,1010.6,76.0,9.8,6.3,13.0,0,0,1,Friday,August,1,0,0,0,0,0,0,0,1,0,0,0,0,0,0,0,0,0,0
2020-08-15,2020,1704.0,1780.0727272727272,0,12.6,17.0,7.8,1011.3,46.0,10.0,12.2,18.3,0,0,0,Saturday,August,0,0,1,0,0,0,0,0,1,0,0,0,0,0,0,0,0,0,0
2020-08-16,2020,1527.0,1532.8727272727272,0,11.6,19.0,4.3,1013.6,30.0,9.2,15.6,37.0,0,0,0,Sunday,August,0,0,0,1,0,0,0,0,1,0,0,0,0,0,0,0,0,0,0
2020-08-17,2020,1572.0,1587.2454545454545,1,12.7,19.1,6.8,1014.0,50.0,10.0,7.2,18.3,0,0,0,Monday,August,0,1,0,0,0,0,0,0,1,0,0,0,0,0,0,0,0,0,0
2020-08-18,2020,1780.0,1811.0359956709958,0,14.6,21.0,9.9,1009.5,47.0,9.3,10.2,14.8,0,0,0,Tuesday,August,0,0,0,0,0,1,0,0,1,0,0,0,0,0,0,0,0,0,0
2020-08-19,2020,1904.0,1865.4955050505052,0,9.7,21.2,6.4,1021.5,49.0,10.0,12.2,24.1,1,0,0,Wednesday,August,0,0,0,0,0,0,1,0,1,0,0,0,0,0,0,0,0,0,0
2020-08-20,2020,1889.0,1927.1629595152322,0,8.4,13.1,3.8,1031.8,46.0,10.0,8.7,14.8,0,0,0,Thursday,August,0,0,0,0,1,0,0,0,1,0,0,0,0,0,0,0,0,0,0
2020-08-21,2020,1810.0,1884.7892857142856,0,11.1,16.7,5.3,1029.5,33.0,10.0,11.1,18.3,0,0,0,Friday,August,1,0,0,0,0,0,0,0,1,0,0,0,0,0,0,0,0,0,0
2020-08-22,2020,1645.0,1787.790909090909,0,11.6,17.0,7.0,1026.5,50.0,9.8,11.5,16.5,0,0,0,Saturday,August,0,0,1,0,0,0,0,0,1,0,0,0,0,0,0,0,0,0,0
2020-08-23,2020,1456.0,1553.509090909091,0,13.8,17.3,8.7,1020.6,64.0,10.0,14.1,18.3,0,0,0,Sunday,August,0,0,0,1,0,0,0,0,1,0,0,0,0,0,0,0,0,0,0
2020-08-24,2020,1626.0,1740.820339761249,0,15.8,20.1,11.5,1014.6,71.0,10.0,13.0,20.6,0,0,0,Monday,August,0,1,0,0,0,0,0,0,1,0,0,0,0,0,0,0,0,0,0
2020-08-25,2020,1693.0,1778.4973250683706,0,16.5,20.3,13.9,1010.6,79.0,9.7,16.1,22.2,1,0,0,Tuesday,August,0,0,0,0,0,1,0,0,1,0,0,0,0,0,0,0,0,0,0
2020-08-26,2020,1692.0,1778.124025236889,0,16.8,20.2,14.3,1007.4,90.0,9.2,13.0,24.1,1,1,0,Wednesday,August,0,0,0,0,0,0,1,0,1,0,0,0,0,0,0,0,0,0,0
2020-08-27,2020,1700.0,1824.0378787878788,0,14.1,20.7,11.3,1016.4,71.0,10.0,13.7,22.2,0,0,0,Thursday,August,0,0,0,0,1,0,0,0,1,0,0,0,0,0,0,0,0,0,0
2020-08-28,2020,1713.0,1820.8083543771043,0,14.1,16.0,11.5,1015.5,88.0,9.3,15.2,24.1,0,0,0,Friday,August,1,0,0,0,0,0,0,0,1,0,0,0,0,0,0,0,0,0,0
2020-08-29,2020,1604.0,1724.509090909091,0,14.6,16.4,12.8,1014.3,86.0,7.6,9.1,29.4,1,0,1,Saturday,August,0,0,1,0,0,0,0,0,1,0,0,0,0,0,0,0,0,0,0
2020-08-30,2020,1479.0,1604.5363636363636,0,8.6,15.1,3.1,1024.8,57.0,10.0,9.4,22.2,0,0,0,Sunday,August,0,0,0,1,0,0,0,0,1,0,0,0,0,0,0,0,0,0,0
2020-08-31,2020,1760.0,1851.2545454545455,0,10.2,13.0,5.4,1029.5,54.0,10.0,12.4,25.9,0,0,0,Monday,August,0,1,0,0,0,0,0,0,1,0,0,0,0,0,0,0,0,0,0
2020-09-01,2020,1879.0,1881.3363636363636,0,9.3,13.0,7.6,1033.4,76.0,10.0,26.7,38.9,1,0,0,Tuesday,September,0,0,0,0,0,1,0,0,0,0,0,0,0,0,0,0,0,0,1
2020-09-02,2020,1951.0,1875.1363636363637,0,10.8,12.0,8.8,1020.6,90.0,5.1,34.3,40.7,1,0,0,Wednesday,September,0,0,0,0,0,0,1,0,0,0,0,0,0,0,0,0,0,0,1
2020-09-03,2020,1887.0,1910.4636363636364,0,10.2,13.0,7.8,1015.3,83.0,8.5,9.6,16.5,1,0,0,Thursday,September,0,0,0,0,1,0,0,0,0,0,0,0,0,0,0,0,0,0,1
2020-09-04,2020,1810.0,1814.3967099567096,0,12.3,16.1,7.4,1018.7,79.0,10.0,10.6,20.6,0,0,0,Friday,September,1,0,0,0,0,0,0,0,0,0,0,0,0,0,0,0,0,0,1
2020-09-05,2020,1676.0,1704.0981818181817,0,12.6,17.0,10.7,1022.2,82.0,8.5,15.7,35.2,0,0,0,Saturday,September,0,0,1,0,0,0,0,0,0,0,0,0,0,0,0,0,0,0,1
2020-09-06,2020,1502.0,1541.2545454545455,0,10.9,14.9,8.4,1026.1,81.0,10.0,21.9,27.8,0,0,0,Sunday,September,0,0,0,1,0,0,0,0,0,0,0,0,0,0,0,0,0,0,1
2020-09-07,2020,1650.0,1801.2545454545455,0,11.6,15.0,8.3,1025.7,80.0,10.0,18.0,25.9,0,0,0,Monday,September,0,1,0,0,0,0,0,0,0,0,0,0,0,0,0,0,0,0,1
2020-09-08,2020,1683.0,1777.8140220385674,0,14.0,18.3,11.0,1020.9,79.0,10.0,17.2,25.9,0,0,0,Tuesday,September,0,0,0,0,0,1,0,0,0,0,0,0,0,0,0,0,0,0,1
2020-09-09,2020,1699.0,1769.8563046171002,0,15.6,18.5,12.6,1017.1,88.0,9.8,10.0,20.6,0,0,0,Wednesday,September,0,0,0,0,0,0,1,0,0,0,0,0,0,0,0,0,0,0,1
2020-09-10,2020,1687.0,1757.8940336935793,0,15.4,18.2,12.7,1017.1,82.0,9.5,9.6,20.6,0,0,1,Thursday,September,0,0,0,0,1,0,0,0,0,0,0,0,0,0,0,0,0,0,1
2020-09-11,2020,1722.0,1693.3159278929088,0,16.9,20.0,13.3,1012.8,59.0,10.0,10.7,18.3,0,0,0,Friday,September,1,0,0,0,0,0,0,0,0,0,0,0,0,0,0,0,0,0,1
2020-09-12,2020,1623.0,1661.1788902007086,0,12.8,20.3,9.7,1017.6,60.0,10.0,11.9,22.2,0,0,0,Saturday,September,0,0,1,0,0,0,0,0,0,0,0,0,0,0,0,0,0,0,1
2020-09-13,2020,1445.0,1528.409090909091,0,14.6,18.0,9.3,1015.7,78.0,9.7,10.4,18.3,0,0,0,Sunday,September,0,0,0,1,0,0,0,0,0,0,0,0,0,0,0,0,0,0,1
2020-09-14,2020,1673.0,1790.6090909090908,0,12.9,17.8,8.8,1026.9,40.0,10.0,10.7,14.8,0,0,0,Monday,September,0,1,0,0,0,0,0,0,0,0,0,0,0,0,0,0,0,0,1
2020-09-15,2020,1767.0,1813.94,0,12.9,15.0,10.3,1023.0,56.0,10.0,15.2,27.8,0,0,0,Tuesday,September,0,0,0,0,0,1,0,0,0,0,0,0,0,0,0,0,0,0,1
2020-09-16,2020,1718.0,1806.7681818181818,0,13.8,16.5,9.9,1017.2,76.0,9.7,9.8,14.8,0,0,1,Wednesday,September,0,0,0,0,0,0,1,0,0,0,0,0,0,0,0,0,0,0,1
2020-09-17,2020,1674.0,1726.9880331437184,0,17.0,26.0,9.8,1013.1,52.0,10.0,11.7,22.2,0,0,0,Thursday,September,0,0,0,0,1,0,0,0,0,0,0,0,0,0,0,0,0,0,1
2020-09-18,2020,1642.0,1693.8326730816239,0,18.2,26.0,13.8,1010.5,47.0,10.0,12.8,22.2,0,0,0,Friday,September,1,0,0,0,0,0,0,0,0,0,0,0,0,0,0,0,0,0,1
2020-09-19,2020,1609.0,1652.334582841401,0,13.7,19.6,10.3,1021.0,35.0,10.0,9.6,20.6,0,0,0,Saturday,September,0,0,1,0,0,0,0,0,0,0,0,0,0,0,0,0,0,0,1
2020-09-20,2020,1453.0,1516.2727272727273,0,13.8,20.1,8.3,1023.3,26.0,10.0,11.5,20.6,0,0,0,Sunday,September,0,0,0,1,0,0,0,0,0,0,0,0,0,0,0,0,0,0,1
2020-09-21,2020,1681.0,1784.4242424242423,0,11.4,20.3,7.0,1025.3,49.0,10.0,10.7,18.3,0,0,0,Monday,September,0,1,0,0,0,0,0,0,0,0,0,0,0,0,0,0,0,0,1
2020-09-22,2020,1767.0,1813.3,0,13.1,17.2,9.8,1023.1,68.0,10.0,15.6,20.6,0,0,0,Tuesday,September,0,0,0,0,0,1,0,0,0,0,0,0,0,0,0,0,0,0,1
2020-09-23,2020,1720.0,1731.6351170798898,0,16.0,20.6,10.8,1021.0,69.0,10.0,10.4,16.5,0,0,0,Wednesday,September,0,0,0,0,0,0,1,0,0,0,0,0,0,0,0,0,0,0,1
2020-09-24,2020,1698.0,1734.5999531236862,0,16.0,20.8,12.8,1019.9,75.0,10.0,18.3,29.4,0,0,0,Thursday,September,0,0,0,0,1,0,0,0,0,0,0,0,0,0,0,0,0,0,1
2020-09-25,2020,1751.0,1696.0987567088052,0,16.6,20.0,15.0,1016.3,71.0,9.7,22.4,33.5,1,1,0,Friday,September,1,0,0,0,0,0,0,0,0,0,0,0,0,0,0,0,0,0,1
2020-09-26,2020,1613.0,1594.0545454545454,0,16.3,19.3,14.2,1009.3,92.0,6.6,18.9,35.2,1,1,0,Saturday,September,0,0,1,0,0,0,0,0,0,0,0,0,0,0,0,0,0,0,1
2020-09-27,2020,1467.0,1491.5515151515153,0,15.6,19.5,13.0,1006.0,90.0,7.4,13.3,22.2,1,0,0,Sunday,September,0,0,0,1,0,0,0,0,0,0,0,0,0,0,0,0,0,0,1
2020-09-28,2020,1641.0,1694.0414187327822,0,15.8,23.0,8.8,1012.1,48.0,10.0,10.6,14.8,0,0,0,Monday,September,0,1,0,0,0,0,0,0,0,0,0,0,0,0,0,0,0,0,1
2020-09-29,2020,1647.0,1677.4874344790398,0,17.4,22.8,12.9,1011.4,65.0,10.0,11.1,18.3,0,0,0,Tuesday,September,0,0,0,0,0,1,0,0,0,0,0,0,0,0,0,0,0,0,1
2020-09-30,2020,1650.0,1698.236878661009,0,18.9,23.2,16.2,1007.2,76.0,10.0,10.2,14.8,0,0,0,Wednesday,September,0,0,0,0,0,0,1,0,0,0,0,0,0,0,0,0,0,0,1
2020-10-01,2020,1640.0,1686.9208369463465,0,18.1,23.5,14.2,1008.6,49.0,10.0,10.7,14.8,0,0,0,Thursday,October,0,0,0,0,1,0,0,0,0,0,0,0,0,0,0,0,0,1,0
2020-10-02,2020,1671.0,1746.524696969697,0,12.6,20.9,9.3,1020.1,62.0,10.0,29.3,42.4,0,0,0,Friday,October,1,0,0,0,0,0,0,0,0,0,0,0,0,0,0,0,0,1,0
2020-10-03,2020,1634.0,1765.581818181818,0,9.4,15.3,6.8,1030.5,60.0,10.0,26.5,38.9,0,0,0,Saturday,October,0,0,1,0,0,0,0,0,0,0,0,0,0,0,0,0,0,1,0
2020-10-04,2020,1535.0,1499.081818181818,0,12.1,15.5,8.5,1024.9,73.0,10.0,30.6,42.4,0,0,0,Sunday,October,0,0,0,1,0,0,0,0,0,0,0,0,0,0,0,0,0,1,0
2020-10-05,2020,1700.0,1681.2272727272727,0,14.1,18.0,11.0,1016.6,73.0,8.0,13.1,20.6,1,0,0,Monday,October,0,1,0,0,0,0,0,0,0,0,0,0,0,0,0,0,0,1,0
2020-10-06,2020,1699.0,1704.2348484848483,0,14.6,18.0,10.6,1016.5,76.0,10.0,10.2,16.5,0,0,0,Tuesday,October,0,0,0,0,0,1,0,0,0,0,0,0,0,0,0,0,0,1,0
2020-10-07,2020,1649.0,1672.25792503483,0,18.3,25.7,12.3,1014.8,64.0,10.0,10.0,14.8,0,0,0,Wednesday,October,0,0,0,0,0,0,1,0,0,0,0,0,0,0,0,0,0,1,0
2020-10-08,2020,1651.0,1676.3189199762771,0,16.4,25.8,12.4,1017.0,57.0,10.0,12.2,22.2,0,0,0,Thursday,October,0,0,0,0,1,0,0,0,0,0,0,0,0,0,0,0,0,1,0
2020-10-09,2020,1636.0,1709.9203426399283,0,18.8,24.0,13.3,1014.5,38.0,10.0,10.9,81.7,0,0,0,Friday,October,1,0,0,0,0,0,0,0,0,0,0,0,0,0,0,0,0,1,0
2020-10-10,2020,1537.0,1593.113339236521,0,16.2,24.5,12.0,1016.3,58.0,10.0,13.1,25.9,0,0,0,Saturday,October,0,0,1,0,0,0,0,0,0,0,0,0,0,0,0,0,0,1,0
2020-10-11,2020,1419.0,1438.8045454545454,0,16.9,19.6,13.3,1013.4,59.0,9.8,18.0,27.8,1,1,0,Sunday,October,0,0,0,1,0,0,0,0,0,0,0,0,0,0,0,0,0,1,0
2020-10-12,2020,1408.0,1562.6363636363637,1,16.1,22.4,11.2,1016.6,61.0,10.0,10.7,16.5,0,0,0,Monday,October,0,1,0,0,0,0,0,0,0,0,0,0,0,0,0,0,0,1,0
2020-10-13,2020,1575.0,1682.906334968522,0,17.4,22.5,12.8,1016.8,76.0,9.8,9.8,14.8,0,0,0,Tuesday,October,0,0,0,0,0,1,0,0,0,0,0,0,0,0,0,0,0,1,0
2020-10-14,2020,1648.0,1685.3035212480615,0,19.6,24.0,15.5,1015.4,66.0,10.0,9.4,18.3,0,0,0,Wednesday,October,0,0,0,0,0,0,1,0,0,0,0,0,0,0,0,0,0,1,0
2020-10-15,2020,1626.0,1690.2850218697788,0,16.3,24.2,12.6,1022.4,80.0,8.4,18.3,31.7,0,0,0,Thursday,October,0,0,0,0,1,0,0,0,0,0,0,0,0,0,0,0,0,1,0
2020-10-16,2020,1683.0,1677.9720044716319,0,18.6,21.2,14.8,1020.8,84.0,10.0,20.0,25.9,0,0,0,Friday,October,1,0,0,0,0,0,0,0,0,0,0,0,0,0,0,0,0,1,0
2020-10-17,2020,1579.0,1570.6272727272728,0,20.1,22.0,17.8,1015.2,81.0,9.8,13.0,18.3,1,1,0,Saturday,October,0,0,1,0,0,0,0,0,0,0,0,0,0,0,0,0,0,1,0
2020-10-18,2020,1481.0,1454.9505194805195,0,22.8,27.2,19.0,1009.1,83.0,10.0,10.6,20.6,0,0,0,Sunday,October,0,0,0,1,0,0,0,0,0,0,0,0,0,0,0,0,0,1,0
2020-10-19,2020,1611.0,1672.5954545454545,0,23.2,28.5,18.6,1008.9,78.0,9.5,16.3,35.2,1,1,0,Monday,October,0,1,0,0,0,0,0,0,0,0,0,0,0,0,0,0,0,1,0
2020-10-20,2020,1622.0,1722.7189085209461,0,14.6,25.8,12.0,1022.8,74.0,7.7,33.7,51.9,1,1,0,Tuesday,October,0,0,0,0,0,1,0,0,0,0,0,0,0,0,0,0,0,1,0
2020-10-21,2020,1686.0,1768.0890909090908,0,15.1,17.0,12.2,1026.0,66.0,9.8,34.8,44.6,1,0,0,Wednesday,October,0,0,0,0,0,0,1,0,0,0,0,0,0,0,0,0,0,1,0
2020-10-22,2020,1632.0,1773.430303030303,0,15.6,17.3,14.0,1021.2,87.0,8.7,27.2,46.5,1,1,0,Thursday,October,0,0,0,0,1,0,0,0,0,0,0,0,0,0,0,0,0,1,0
2020-10-23,2020,1567.0,1700.5032450996905,0,18.2,21.0,14.2,1015.7,92.0,9.7,12.8,18.3,0,0,0,Friday,October,1,0,0,0,0,0,0,0,0,0,0,0,0,0,0,0,0,1,0
2020-10-24,2020,1487.0,1641.1704545454545,0,18.4,21.0,16.4,1013.7,93.0,6.8,16.5,25.9,1,0,1,Saturday,October,0,0,1,0,0,0,0,0,0,0,0,0,0,0,0,0,0,1,0
2020-10-25,2020,1354.0,1449.0568181818182,0,19.7,21.5,17.0,1008.8,95.0,7.9,13.9,27.8,1,0,1,Sunday,October,0,0,0,1,0,0,0,0,0,0,0,0,0,0,0,0,0,1,0
2020-10-26,2020,1491.0,1564.0295454545455,0,18.4,22.0,15.6,1012.1,65.0,10.0,13.9,24.1,0,0,0,Monday,October,0,1,0,0,0,0,0,0,0,0,0,0,0,0,0,0,0,1,0
2020-10-27,2020,1547.0,1689.9944448396998,0,17.1,22.7,13.6,1010.7,55.0,10.0,13.5,24.1,0,0,0,Tuesday,October,0,0,0,0,0,1,0,0,0,0,0,0,0,0,0,0,0,1,0
2020-10-28,2020,1574.0,1685.1923971064102,0,16.4,22.0,13.0,1010.1,66.0,10.0,11.7,22.2,1,0,0,Wednesday,October,0,0,0,0,0,0,1,0,0,0,0,0,0,0,0,0,0,1,0
2020-10-29,2020,1582.0,1682.5051852282415,0,14.6,20.5,11.6,1019.9,58.0,10.0,11.3,16.5,0,0,0,Thursday,October,0,0,0,0,1,0,0,0,0,0,0,0,0,0,0,0,0,1,0
2020-10-30,2020,1566.0,1731.5652049910875,0,13.9,18.8,9.3,1027.0,61.0,10.0,12.8,22.2,0,0,0,Friday,October,1,0,0,0,0,0,0,0,0,0,0,0,0,0,0,0,0,1,0
2020-10-31,2020,1477.0,1579.0757274039095,0,16.1,20.0,12.5,1026.3,63.0,10.0,14.3,20.6,0,0,0,Saturday,October,0,0,1,0,0,0,0,0,0,0,0,0,0,0,0,0,0,1,0
2020-11-01,2020,1359.0,1432.6000505050504,0,18.2,21.1,15.3,1023.4,64.0,10.0,15.6,24.1,0,0,0,Sunday,November,0,0,0,1,0,0,0,0,0,0,0,0,0,0,0,0,1,0,0
2020-11-02,2020,1576.0,1648.434590876295,0,19.3,21.4,16.8,1019.8,55.0,10.0,15.9,25.9,0,0,0,Monday,November,0,1,0,0,0,0,0,0,0,0,0,0,0,0,0,0,1,0,0
2020-11-03,2020,1643.0,1655.647072623447,0,18.7,21.6,16.4,1020.0,77.0,10.0,21.7,33.5,0,0,0,Tuesday,November,0,0,0,0,0,1,0,0,0,0,0,0,0,0,0,0,1,0,0
2020-11-04,2020,1665.0,1687.33554338626,0,18.8,23.0,15.7,1022.4,63.0,10.0,24.6,35.2,0,0,0,Wednesday,November,0,0,0,0,0,0,1,0,0,0,0,0,0,0,0,0,1,0,0
2020-11-05,2020,1644.0,1683.6266718400977,0,18.9,23.0,15.5,1020.2,58.0,10.0,21.1,33.5,0,0,0,Thursday,November,0,0,0,0,1,0,0,0,0,0,0,0,0,0,0,0,1,0,0
2020-11-06,2020,1674.0,1694.285936973705,0,20.1,24.0,16.8,1018.9,71.0,10.0,18.7,38.9,0,0,0,Friday,November,1,0,0,0,0,0,0,0,0,0,0,0,0,0,0,0,1,0,0
2020-11-07,2020,1589.0,1629.995093795094,0,20.7,24.8,18.8,1020.1,76.0,10.0,16.5,27.8,0,0,0,Saturday,November,0,0,1,0,0,0,0,0,0,0,0,0,0,0,0,0,1,0,0
2020-11-08,2020,1455.0,1442.8168614718616,0,20.7,24.0,18.3,1020.2,72.0,10.0,20.2,29.4,0,0,0,Sunday,November,0,0,0,1,0,0,0,0,0,0,0,0,0,0,0,0,1,0,0
2020-11-09,2020,1655.0,1645.9165028532072,0,19.6,23.7,18.0,1019.1,73.0,10.0,20.9,29.4,0,0,0,Monday,November,0,1,0,0,0,0,0,0,0,0,0,0,0,0,0,0,1,0,0
2020-11-10,2020,1678.0,1672.0718489405722,0,20.3,23.0,17.5,1017.3,73.0,9.7,20.9,29.4,0,0,0,Tuesday,November,0,0,0,0,0,1,0,0,0,0,0,0,0,0,0,0,1,0,0
2020-11-11,2020,1688.0,1697.9502033738434,0,20.2,23.5,17.3,1017.5,73.0,10.0,20.2,29.4,0,0,0,Wednesday,November,0,0,0,0,0,0,1,0,0,0,0,0,0,0,0,0,1,0,0
2020-11-12,2020,1678.0,1693.3310407068004,0,20.1,23.0,18.0,1016.5,75.0,10.0,19.1,29.4,0,0,0,Thursday,November,0,0,0,0,1,0,0,0,0,0,0,0,0,0,0,0,1,0,0
2020-11-13,2020,1715.0,1699.7876205940915,0,20.7,23.0,18.6,1013.9,79.0,10.0,18.5,25.9,0,0,0,Friday,November,1,0,0,0,0,0,0,0,0,0,0,0,0,0,0,0,1,0,0
2020-11-14,2020,1612.0,1638.0119696969698,0,22.0,24.7,19.1,1010.4,72.0,10.0,11.5,24.1,0,0,0,Saturday,November,0,0,1,0,0,0,0,0,0,0,0,0,0,0,0,0,1,0,0
2020-11-15,2020,1446.0,1435.298823953824,0,20.8,25.2,15.8,1013.1,59.0,10.0,12.4,24.1,0,0,0,Sunday,November,0,0,0,1,0,0,0,0,0,0,0,0,0,0,0,0,1,0,0
2020-11-16,2020,1662.0,1653.9624257182204,0,19.7,25.0,15.3,1014.9,62.0,10.0,8.0,16.5,0,0,0,Monday,November,0,1,0,0,0,0,0,0,0,0,0,0,0,0,0,0,1,0,0
2020-11-17,2020,1716.0,1661.4375829735216,0,21.6,25.0,17.2,1013.6,57.0,10.0,15.2,20.6,0,0,0,Tuesday,November,0,0,0,0,0,1,0,0,0,0,0,0,0,0,0,0,1,0,0
2020-11-18,2020,1718.0,1691.993512283615,0,22.3,25.0,19.0,1012.4,60.0,10.0,14.1,25.9,1,1,0,Wednesday,November,0,0,0,0,0,0,1,0,0,0,0,0,0,0,0,0,1,0,0
2020-11-19,2020,1673.0,1693.923120379143,0,19.7,23.0,17.4,1018.7,66.0,10.0,19.1,27.8,0,0,0,Thursday,November,0,0,0,0,1,0,0,0,0,0,0,0,0,0,0,0,1,0,0
2020-11-20,2020,1725.0,1696.0564205786743,0,20.1,23.2,17.6,1018.5,65.0,10.0,20.9,33.5,0,0,0,Friday,November,1,0,0,0,0,0,0,0,0,0,0,0,0,0,0,0,1,0,0
2020-11-21,2020,1629.0,1623.9017316017316,0,21.6,26.0,18.3,1016.4,65.0,10.0,21.1,33.5,0,0,0,Saturday,November,0,0,1,0,0,0,0,0,0,0,0,0,0,0,0,0,1,0,0
2020-11-22,2020,1490.0,1462.4866666666667,0,22.7,27.0,18.8,1017.6,62.0,10.0,17.4,29.4,0,0,0,Sunday,November,0,0,0,1,0,0,0,0,0,0,0,0,0,0,0,0,1,0,0
2020-11-23,2020,1564.0,1505.4272727272728,1,24.0,31.0,19.3,1014.2,60.0,10.0,20.4,33.5,0,0,0,Monday,November,0,1,0,0,0,0,0,0,0,0,0,0,0,0,0,0,1,0,0
2020-11-24,2020,1737.0,1819.8863636363637,0,25.7,31.2,20.9,1009.3,60.0,9.8,15.6,37.0,1,0,0,Tuesday,November,0,0,0,0,0,1,0,0,0,0,0,0,0,0,0,0,1,0,0
2020-11-25,2020,1745.0,1699.5673160173158,0,22.5,31.5,19.6,1009.4,83.0,8.0,15.7,44.6,1,1,0,Wednesday,November,0,0,0,0,0,0,1,0,0,0,0,0,0,0,0,0,1,0,0
2020-11-26,2020,1672.0,1694.8721949534247,0,22.3,26.0,18.0,1014.4,39.0,10.0,10.0,18.3,0,0,0,Thursday,November,0,0,0,0,1,0,0,0,0,0,0,0,0,0,0,0,1,0,0
2020-11-27,2020,1762.0,1699.2380528806802,0,21.8,26.1,17.3,1016.6,51.0,10.0,17.4,25.9,0,0,0,Friday,November,1,0,0,0,0,0,0,0,0,0,0,0,0,0,0,0,1,0,0
2020-11-28,2020,1646.0,1569.8045454545454,0,22.9,26.8,18.0,1011.6,73.0,9.3,19.1,57.6,1,1,0,Saturday,November,0,0,1,0,0,0,0,0,0,0,0,0,0,0,0,0,1,0,0
2020-11-29,2020,1492.0,1531.409090909091,0,24.1,32.0,18.0,1010.1,64.0,9.8,11.3,20.6,0,0,0,Sunday,November,0,0,0,1,0,0,0,0,0,0,0,0,0,0,0,0,1,0,0
2020-11-30,2020,1613.0,1669.7988023088024,0,18.2,31.8,12.8,1019.7,48.0,10.0,20.2,27.8,0,0,0,Monday,November,0,1,0,0,0,0,0,0,0,0,0,0,0,0,0,0,1,0,0
